name,phone,address,area
صيدلية الكردي,,شارع الدكاترة,El Gadarif state
توكيلات لايت,,عطبرة,Atbara state
توكيلات صحة و عافية,,حلفا,New halfa city
توكيلات اليقين الطبية,,ديم النور,El Gadarif state
نور الحياة,,,Atbara state
صيدلية مركز عشميق,,شارع المك نمر,Omdurman city
صيدلية يشفين,,حلفا,New halfa city
بنك أمدرمان الوطني,,,New halfa city
توكيلات هاي كير,,,Shendi city
توكيلات رميدي كير,,,Omdurman city
توكيلات السلامة,,,Omdurman city
توكيلات الشريف,,,Omdurman city
توكيلات قلوبال هيلث,,,Omdurman city
صيدلية لوكا,,شندي,Shendi city
صيدلية شيوب,,شندي,Shendi city
صيدلية الفرقان,,شندي,Shendi city
صيدلية السلام,,شندي,Shendi city
توكيلات الراقية الطبية,,,El Gadarif state
صيدلية الفنار,,,Portsudan city
توكيلات هاي فارما,,,Madani city
توكيلات الانصاف,,,Omdurman city
توكيلات شفق,,,Atbara state
توكيلات عجمان الطبية,,,Omdurman city
توكيلات أولاد جعفر,,,Omdurman city
w,,,
صيدلية البلسم,,,Shendi city
صيدلية الريان - شندي,,,Shendi city
صيدلية مستشفى التهامي,,,Shendi city
توكيلات جوكس فارما,,,Atbara state
توكيلات أوراد,,,Atbara state
توكيلات أوراد الطبيه,,,Atbara state
توكيلات WMA,,,Atbara state
صيدلية مركز د.محمد علي سعد,,,Portsudan city
توكيلات AZ,,,Atbara state
توكيلات نور الطبية,,,Atbara state
صيدلية أمنية بورتسودان,,,Portsudan city
صيدلية العجيمي,,,Portsudan city
صيدلية إبن زياد,,,Portsudan city
صيدلية الأطباء سواكن,,,Portsudan city
صيدلية الحياة الحديثه,,,Portsudan city
صيدلية عواض,,,Portsudan city
صيدلية أوكسجين,,,Portsudan city
صيدلية الجمارك بورتسودان,,,Portsudan city
توكيلات أولاد الزاكي,,,Atbara state
صيدلية الأطباء 3 بورتسودان,,,Portsudan city
صيدلية سليم,,,Portsudan city
صيدلية الكوثر شندي,,,Shendi city
صيدلية البلاد,,,Shendi city
صيدلية مركز د.سامي حميده,,,Shendi city
صيدلية سارة,,,Atbara state
صيدلية بلسم هيلث,,,Atbara state
صيدلية جرجس,,,Atbara state
صيدلية الكاشف,,,Atbara state
صيدلية تقوى الحاج,,,Atbara state
صيدلية أبرار,,,Atbara state
صيدلية نهى,,,Atbara state
صيدلية رويال بلص,,,Atbara state
صيدلية ريفال,,,Atbara state
صيدلية مركز الرحاب,,,Atbara state
صيدلية مهيرة كريمة,,,Atbara state
صيدلية السلامة الدامر,,,Atbara state
صيدلية الاحسان الدامر,,,Atbara state
صيدلية فيوتشر,,,Atbara state
صيدلية مركز أبوسبيب,,,Shendi city
صيدلية سجا شندي,,,Shendi city
صيدلية لايف شندي,,,Shendi city
صيدلية الرازي,,,Shendi city
صيدلية حزقيال,,,Shendi city
صيدلية ابن حيان,,,Shendi city
صيدلية الشعب,,,Atbara state
صيدلية الشام,,,Atbara state
اسكاي هاي فارما,,,Atbara state
توكيلات جنان,,,El Gadarif state
صيدلية الأطباء شندي,,,Shendi city
صيدلية الوفاق,,,Shendi city
صيدليه استاذ كامل,,,Shendi city
توكيلات المعتصم بالله,,,Kassala state
صيدلية حاجه امنه,,,Shendi city
مستوصف شاكرين القضارف,,,El Gadarif state
صيدلية ابن سينا- شندي,,,Shendi city
صيدلية دار النيل,,,Portsudan city
صيدلية مركز أبو العزائم,,,Atbara state
